{
  "criteria": {
    "requirement": {
      "trigger": "minecraft:item_used_on_block",
      "conditions": {
        "item": {
          "items": [
            "minecraft:diamond_hoe",
            "minecraft:golden_hoe",
            "minecraft:iron_hoe",
            "minecraft:netherite_hoe",
            "minecraft:stone_hoe",
            "minecraft:wooden_hoe"
          ]
        }
      }
    }
  },
  "rewards": {
    "function": "co2_oldfarming:grass_block/if_looking_grass"
  }
}